"","Antecedent","Consequent","Confidence","Lift","ObjectList"
"1","2","3",0.5,5," 1007809 = list(2002) 
"
"2","3","2",0.333333333333333,3.33333333333333," 1007809 = list(2002) 
"
"3","2","1",0.5,5," 1010227 = list(2002) 
"
"4","5","4",0.8,8," 1029864 = list(1996) 
 1002943 = list(1996) 
 1037245 = list(1996) 
 1002453 = list(1996) 
"
"5","3","1",0.333333333333333,3.33333333333333," 1042784 = list(2002) 
"
"6","1","2",0.5,5," 1010227 = list(2002) 
"
"7","1","3",0.5,5," 1042784 = list(2002) 
"
